Field_Name,Field_Description,Datatype,Protegrity_Static_Policy,Protegrity_AppProtect_Policy
subscriber_ID,Subscriber Id,,,
subscriberID,Subscriber Id,,,
hcid,Subscriber Id,,,
hc_id,Subscriber Id,,,
member_id,Subscriber Id,,,
memId,Subscriber Id,,,
memberId,Subscriber Id,,,
first_name,First Name,,,
firstName,First Name,,,
firstNm,First Name,,,
first_nm,First Name,,,
last_name,Last Name,,,
lastName,Last Name,,,
lastNm,Last Name,,,
last_nm,Last Name,,,
middle_name,Middle Name,,,
middleName,Middle Name,,,
middleNm,Middle Name,,,
middle_nm,Middle Name,,,
Subscriber_Name,Name,,,
subscriberName,Name,,,
subscriberNm,Name,,,
memName,Name,,,
memberName,Name,,,
member_name,Name,,,
memberNm,Name,,,
memNm,Name,,,
mem_nm,Name,,,
memberCard,Name,,,
fullname,Name,,,
fullnm,Name,,,
dob,Date of Birth,,,
member_dob,Date of Birth,,,
memberDob,Date of Birth,,,
subscriber_dob,Date of Birth,,,
Subscriber_dob,Date of Birth,,,
date_of_birth,Date of Birth,,,
birthday,Date of Birth,,,
birthDT,Date of Birth,,,
dateOfBirth,Date of Birth,,,
ssn,Social Security Number,,,
socialSecurityNbr,Social Security Number,,,
socialSecurityNumber,Social Security Number,,,
subscriberssn,Social Security Number,,,
memberssn,Social Security Number,,,
email_id,email id,,,
email,email id,,,
emailId,email id,,,
emailPrimary,email id,,,
emailSecondary,email id,,,
emailAddress,email id,,,
agentId,Agent Id,,,
agent_id,Agent Id,,,
writingTIN,Tax Identifier Number,,,
payeeTIN,Tax Identifier Number,,,
parentTIN,Tax Identifier Number,,,
parentGeneralAgencyTIN,Tax Identifier Number,,,
paidAgencyTIN,Tax Identifier Number,,,
agencyTIN,Tax Identifier Number,,,
brokerTIN,Tax Identifier Number,,,
brkEncryptTaxId,Tax Identifier Number,,,
TaxId,Tax Identifier Number,,,
TaxationId,Tax Identifier Number,,,
tax_id,Tax Identifier Number,,,
